<?xml version="1.0" encoding="utf-8" ?>
<component name="HomeScene" extends="Scene" >

    <interface>

        <field id="gridContent" type="node" alias="GridScreen.content" onChange="onChangeContent"/>
        <field id="rowItemSelected" type="intarray" alwaysnotify="true" alias="GridScreen.rowItemSelected" onChange="onRowItemSelected"/>

    </interface>

    <script type="text/brightscript" uri="pkg:/components/screens/HomeScene/HomeScene.brs"/>
    <script type="text/brightscript" uri="pkg:/components/screens/ContentTask/RunTask.brs"/>
    
    <children>

        <GridScreen
            id="gridScreen"
            visible="true"
            translation="[0,0]" 
            />

        <DetailsScreen
            id="detailsScreen"
            visible="false"
            />

    </children> 
</component>
