<?xml version="1.0" encoding="utf-8" ?> 
<!-- main node which handles home screen children -->
<component name="HomeScene" extends="Scene" >

    <interface>
        <!-- Specifies the content for the GridPannel -->
        <field id="gridContent" type="node" alias="GridScreen.content" onChange="OnChangeContent"/>
        <field id="rowItemSelected" type="intarray" alwaysnotify="true" alias="GridScreen.rowItemSelected" onChange="PlayVideoFromGrid"/>
    </interface>
    
    <!-- main handler -->
    <script type="text/brightscript" uri="pkg:/components/screens/HomeScene/HomeScene.brs"/>
    <script type="text/brightscript" uri="pkg:/components/screens/ContentTask/RunTask.brs"/>
    
    <children>

        <GridScreen
            id="GridScreen"
            visible="true"
            translation="[0,0]" />
    
        <Group id="HomeSceneOverhang" > 
        <!-- Poster glumi Overhang -->
            <Poster
                translation="[79, 36]"
                uri="pkg:/images/overhangLogo.png"
                width="156"
                height="49" />
        </Group> <!-- <- Overhang -->
    </children> 
</component>
