<?xml version="1.0" encoding="utf-8" ?>
<component name="Description" extends="LayoutGroup">
    <interface>
        <field id="title" type="node"/>
        <field id="descriptionField" type="node"/>
        <field id="starRating" type="node"/>
        <field id="userStarRating" type="node"/>
        <field id="releaseDate" type="node"/>
        <field id="content" type="node" onChange="onContentChanged"/>
    </interface>
    
    <script type="text/brightscript" uri="pkg:/components/screens/Description/Description.brs" />
    
    <children>
        
        <Label
            id="titleLabel"
            color="0xFFFFFF"
            text=""
            >
            <Font role = "font" uri ="pkg:/fonts/arial.ttf" size = "32"/>
            </Label>
            
        <Label
            id="releaseDateLabel"
            color="0xFFFFFF"
            text=""
            >
            <Font role = "font" uri = "pkg:/fonts/bahnschrift.ttf" size = "22"/>
            </Label>
        
         <Label
            id="descriptionLabel"
            color="0xFFFFFF"
            wrap="true"
            width="553"
            height="185"
            lineSpacing="7"
            text=""
            >
            <Font role = "font" uri = "pkg:/fonts/Candarai.ttf" size = "28"/>
            </Label>
    </children>

</component> 
