<?xml version="1.0" encoding="utf-8" ?>
<component name="Description" extends="LayoutGroup">
    <interface>
        <field id="content" type="node" onChange="onContentChanged"/>
    </interface>
    
    <script type="text/brightscript" uri="pkg:/components/screens/Description/Description.brs" />
    
    <children>
        
        <Label
            id="titleLabel"
            color="0xFFFFFF"
            text=""
            >
            <Font role = "font" uri ="pkg:/fonts/arial.ttf" size = "32"/>
            </Label>
            
        <Label
            id="releaseDateLabel"
            color="0xFFFFFF"
            text=""
            >
            <Font role = "font" uri = "pkg:/fonts/bahnschrift.ttf" size = "18"/>
            </Label>
        
         <Label
            id="descriptionLabel"
            color="0xFFFFFF"
            wrap="true"
            width="640"
            height = "185"
            lineSpacing="7"
            text=""
            >
            <Font role = "font" uri = "pkg:/fonts/Candarai.ttf" size = "24"/>
            </Label>
    </children>

</component> 
