<?xml version="1.0" encoding="utf-8" ?> 
<component name="GridScreen" extends="Group" initialFocus="rowList">
    <interface>
        <field id="content" type="node" alias="rowList.content" onChange="onFocusedChildChange"/>
        <field id="rowItemSelected" type="intarray" alwaysnotify="true" alias="rowList.rowItemSelected"/>
        <field id="itemFocused" type="intarray" alias="rowList.rowItemFocused" onChange="onItemFocused"/>
        <field id="focusedContent"  type="node"/>
    </interface>
    
    <script type="text/brightscript" uri="pkg:/components/screens/GridScreen/GridScreen.brs" />
        
    <children>
    
    <!--background for Grid screen-->
    <Rectangle
         id="background"
         color="0x90ee90"
         width="1280"
         height="720"
         translation="[0,0]" /> 

        <RowList
            id="rowList"
            focusBitmapUri="pkg:/images/focus_grid.9.png"
            translation="[-60, 400]"
            itemSize="[1327, 218]"
            numRows="2"
            itemSpacing="[13, 0]"
            focusXOffset="[147]"
            rowFocusAnimationStyle="fixedFocusWrap"
            rowItemSize="[[262, 147]]"
            rowItemSpacing="[[16.5, 3]]"
            showRowLabel="true"
            showRowCounter="true"
            rowLabelOffset="[[147, 20]]"/>
            
        <Description 
            id="descriptionGridScreen"
            translation="[106, 119]"
            itemSpacings="[12, 30]"
            />
    </children>
</component>
